birthday,strain,filtered_mutations,science_fitness,BP_fitness
10/16/20,B.1.1.101,"S:L452R,S:T478K,S:E484A",1.510627912,1.346587546
none,XAD,"S:G339D,S:S371F,S:S373P,S:S375F,S:T376A,S:D405N,S:R408S,S:N440K,S:S477N,S:T478K,S:E484A,S:Q493R,S:Q498R,S:N501Y,S:Y505H",2.375879536,1.957952398
none,XAB,"S:G339D,S:S371F,S:S373P,S:S375F,S:T376A,S:D405N,S:R408S,S:K417N,S:N440K,S:L452Q,S:S477N,S:T478K,S:E484A,S:Q493R,S:Q498R,S:N501Y,S:Y505H",2.500333943,2.028034067
4/20/22,BA.2.13,"S:G339D,S:S371F,S:S373P,S:S375F,S:D405N,S:K417N,S:N440K,S:S477N,S:T478K,S:E484A,S:Q493R,S:Q498R,S:N501Y,S:Y505H",2.263140612,2.091185978
6/24/22,BA.5.1,"S:G339D,S:S371F,S:S373P,S:S375F,S:T376A,S:D405N,S:R408S,S:K417N,S:N440K,S:Y449N,S:S477N,S:T478K,S:E484A,S:Q493R,S:Q498R,S:N501Y,S:Y505H",2.6830913,2.046597273
none,XAE,"S:G339D,S:S371F,S:S373P,S:S375F,S:T376A,S:R408S,S:N440K,S:S477N,S:T478K,S:E484A,S:Q493R,S:Q498R,S:N501Y,S:Y505H",2.284434248,1.951467443
1/10/20,B.1.36,S:A520S,0.999813577,1.01783446
1/10/20,B.1.489,S:P479S,1.000107277,1.086622365
5/12/20,AV.1,"S:Y449H,S:N501Y",1.040651711,0.985673749
8/1/20,B.1.466,"S:E484K,S:S494P",1.101189406,0.953990486
6/1/22,BA.4.1,"S:G339D,S:S371F,S:S373P,S:S375F,S:T376A,S:D405N,S:R408S,S:K417N,S:N440K,S:S477N,S:T478K,S:E484A,S:Q493R,S:Q498R,S:N501Y",2.385316691,2.078736106
3/2/20,"B.1.351, Beta","S:K417N,S:E484K,S:N501Y",1.18545741,1.165382979
none,"B.1.617, Delta","S:K417N,S:L452R,S:T478K,S:E484K",1.667572,1.669064
,,,,